Team,Map,Map Won,Picks,Bans,Player,Nationality,Kills,Assists,Deaths,KAST,K-D Diff,ADR,FK Diff,Rating,Team Total Score,Team CT Half,Team T Half,Team Rating,First Kills,Clutches Won,Match URL,GameID
FaZe,Mirage,No,N/A,N/A,karrigan,Denmark,20,3,14,86.4%,+6,90.8,+3,1.41,9,6,3,0.99,12,0,https://www.hltv.org/matches/2382615/faze-vs-the-mongolz-blasttv-austin-major-2025,201905
FaZe,Mirage,No,N/A,N/A,s1mple,Ukraine,14,4,14,68.2%,0,74.4,0,1.02,9,6,3,0.99,12,0,https://www.hltv.org/matches/2382615/faze-vs-the-mongolz-blasttv-austin-major-2025,201905
FaZe,Mirage,No,N/A,N/A,rain,Norway,14,2,16,72.7%,-2,82.0,0,1.01,9,6,3,0.99,12,0,https://www.hltv.org/matches/2382615/faze-vs-the-mongolz-blasttv-austin-major-2025,201905
FaZe,Mirage,No,N/A,N/A,EliGE,United States,10,6,15,63.6%,-5,57.2,+1,0.80,9,6,3,0.99,12,0,https://www.hltv.org/matches/2382615/faze-vs-the-mongolz-blasttv-austin-major-2025,201905
FaZe,Mirage,No,N/A,N/A,frozen,Slovakia,10,2,16,50.0%,-6,71.0,-2,0.69,9,6,3,0.99,12,0,https://www.hltv.org/matches/2382615/faze-vs-the-mongolz-blasttv-austin-major-2025,201905
The MongolZ,Mirage,Yes,N/A,N/A,910,Mongolia,21,5,11,77.3%,+10,100.8,+2,1.51,13,7,6,1.06,10,0,https://www.hltv.org/matches/2382615/faze-vs-the-mongolz-blasttv-austin-major-2025,201905
The MongolZ,Mirage,Yes,N/A,N/A,bLitz,Mongolia,17,5,14,63.6%,+3,85.6,0,1.21,13,7,6,1.06,10,0,https://www.hltv.org/matches/2382615/faze-vs-the-mongolz-blasttv-austin-major-2025,201905
The MongolZ,Mirage,Yes,N/A,N/A,Senzu,Mongolia,13,5,13,68.2%,0,59.7,-1,1.00,13,7,6,1.06,10,0,https://www.hltv.org/matches/2382615/faze-vs-the-mongolz-blasttv-austin-major-2025,201905
The MongolZ,Mirage,Yes,N/A,N/A,mzinho,Mongolia,15,3,13,59.1%,+2,61.4,-3,0.91,13,7,6,1.06,10,0,https://www.hltv.org/matches/2382615/faze-vs-the-mongolz-blasttv-austin-major-2025,201905
The MongolZ,Mirage,Yes,N/A,N/A,Techno,Mongolia,9,3,17,63.6%,-8,52.6,0,0.69,13,7,6,1.06,10,0,https://www.hltv.org/matches/2382615/faze-vs-the-mongolz-blasttv-austin-major-2025,201905
Natus Vincere,Mirage,No,N/A,N/A,b1t,Ukraine,16,4,14,77.3%,+2,70.3,+3,1.14,9,6,3,0.98,8,2,https://www.hltv.org/matches/2382616/natus-vincere-vs-vitality-blasttv-austin-major-2025,201895
Natus Vincere,Mirage,No,N/A,N/A,iM,Romania,14,14,15,86.4%,-1,86.5,-3,1.12,9,6,3,0.98,8,2,https://www.hltv.org/matches/2382616/natus-vincere-vs-vitality-blasttv-austin-major-2025,201895
Natus Vincere,Mirage,No,N/A,N/A,w0nderful,Ukraine,16,3,14,59.1%,+2,70.3,-6,0.99,9,6,3,0.98,8,2,https://www.hltv.org/matches/2382616/natus-vincere-vs-vitality-blasttv-austin-major-2025,201895
Natus Vincere,Mirage,No,N/A,N/A,jL,Lithuania,10,5,13,77.3%,-3,55.4,+1,0.91,9,6,3,0.98,8,2,https://www.hltv.org/matches/2382616/natus-vincere-vs-vitality-blasttv-austin-major-2025,201895
Natus Vincere,Mirage,No,N/A,N/A,Aleksib,Finland,11,1,13,72.7%,-2,50.3,-1,0.76,9,6,3,0.98,8,2,https://www.hltv.org/matches/2382616/natus-vincere-vs-vitality-blasttv-austin-major-2025,201895
Vitality,Mirage,Yes,N/A,N/A,mezii,United Kingdom,16,2,12,72.7%,+4,74.9,+4,1.26,13,7,6,1.04,14,2,https://www.hltv.org/matches/2382616/natus-vincere-vs-vitality-blasttv-austin-major-2025,201895
Vitality,Mirage,Yes,N/A,N/A,ZywOo,France,17,1,11,72.7%,+6,66.6,+2,1.23,13,7,6,1.04,14,2,https://www.hltv.org/matches/2382616/natus-vincere-vs-vitality-blasttv-austin-major-2025,201895
Vitality,Mirage,Yes,N/A,N/A,ropz,Estonia,15,2,13,72.7%,+2,68.7,+1,1.01,13,7,6,1.04,14,2,https://www.hltv.org/matches/2382616/natus-vincere-vs-vitality-blasttv-austin-major-2025,201895
Vitality,Mirage,Yes,N/A,N/A,flameZ,Israel,10,5,16,63.6%,-6,61.1,0,0.86,13,7,6,1.04,14,2,https://www.hltv.org/matches/2382616/natus-vincere-vs-vitality-blasttv-austin-major-2025,201895
Vitality,Mirage,Yes,N/A,N/A,apEX,France,9,9,15,77.3%,-6,59.0,-1,0.84,13,7,6,1.04,14,2,https://www.hltv.org/matches/2382616/natus-vincere-vs-vitality-blasttv-austin-major-2025,201895
FURIA,Nuke,Yes,N/A,N/A,molodoy,Kazakhstan,19,1,11,84.2%,+8,92.6,+2,1.44,13,8,5,1.27,10,0,https://www.hltv.org/matches/2382613/furia-vs-pain-blasttv-austin-major-2025,201855
FURIA,Nuke,Yes,N/A,N/A,yuurih,Brazil,15,2,9,89.5%,+6,79.2,+1,1.33,13,8,5,1.27,10,0,https://www.hltv.org/matches/2382613/furia-vs-pain-blasttv-austin-major-2025,201855
FURIA,Nuke,Yes,N/A,N/A,KSCERATO,Brazil,12,5,9,84.2%,+3,71.2,+1,1.23,13,8,5,1.27,10,0,https://www.hltv.org/matches/2382613/furia-vs-pain-blasttv-austin-major-2025,201855
FURIA,Nuke,Yes,N/A,N/A,YEKINDAR,Latvia,13,6,13,89.5%,0,81.8,-2,1.18,13,8,5,1.27,10,0,https://www.hltv.org/matches/2382613/furia-vs-pain-blasttv-austin-major-2025,201855
FURIA,Nuke,Yes,N/A,N/A,FalleN,Brazil,15,4,11,63.2%,+4,85.7,-1,1.15,13,8,5,1.27,10,0,https://www.hltv.org/matches/2382613/furia-vs-pain-blasttv-austin-major-2025,201855
paiN,Nuke,No,N/A,N/A,nqz,Brazil,13,3,11,68.4%,+2,65.3,+1,0.93,6,2,4,0.78,9,1,https://www.hltv.org/matches/2382613/furia-vs-pain-blasttv-austin-major-2025,201855
paiN,Nuke,No,N/A,N/A,dgt,Uruguay,14,0,15,63.2%,-1,64.3,+1,0.90,6,2,4,0.78,9,1,https://www.hltv.org/matches/2382613/furia-vs-pain-blasttv-austin-major-2025,201855
paiN,Nuke,No,N/A,N/A,biguzera,Brazil,9,4,16,57.9%,-7,61.6,0,0.81,6,2,4,0.78,9,1,https://www.hltv.org/matches/2382613/furia-vs-pain-blasttv-austin-major-2025,201855
paiN,Nuke,No,N/A,N/A,snow,Brazil,8,4,16,52.6%,-8,52.2,-2,0.64,6,2,4,0.78,9,1,https://www.hltv.org/matches/2382613/furia-vs-pain-blasttv-austin-major-2025,201855
paiN,Nuke,No,N/A,N/A,dav1deuS,Chile,8,4,16,63.2%,-8,49.9,-1,0.61,6,2,4,0.78,9,1,https://www.hltv.org/matches/2382613/furia-vs-pain-blasttv-austin-major-2025,201855
Spirit,Mirage,Yes,N/A,N/A,donk,Russia,37,10,32,71.7%,+5,78.9,-1,1.12,25,N/A,N/A,1.03,20,7,https://www.hltv.org/matches/2382614/spirit-vs-mouz-blasttv-austin-major-2025,201844
Spirit,Mirage,Yes,N/A,N/A,chopper,Russia,33,8,33,78.3%,0,77.2,-1,1.10,25,N/A,N/A,1.03,20,7,https://www.hltv.org/matches/2382614/spirit-vs-mouz-blasttv-austin-major-2025,201844
Spirit,Mirage,Yes,N/A,N/A,zont1x,Ukraine,32,11,32,69.6%,0,80.6,-2,1.04,25,N/A,N/A,1.03,20,7,https://www.hltv.org/matches/2382614/spirit-vs-mouz-blasttv-austin-major-2025,201844
Spirit,Mirage,Yes,N/A,N/A,sh1ro,Russia,30,9,29,78.3%,+1,64.8,+3,1.02,25,N/A,N/A,1.03,20,7,https://www.hltv.org/matches/2382614/spirit-vs-mouz-blasttv-austin-major-2025,201844
Spirit,Mirage,Yes,N/A,N/A,magixx,Russia,26,11,30,63.0%,-4,62.4,-5,0.86,25,N/A,N/A,1.03,20,7,https://www.hltv.org/matches/2382614/spirit-vs-mouz-blasttv-austin-major-2025,201844
MOUZ,Mirage,No,N/A,N/A,torzsi,Hungary,35,8,27,69.6%,+8,72.4,+6,1.10,21,N/A,N/A,1.04,26,3,https://www.hltv.org/matches/2382614/spirit-vs-mouz-blasttv-austin-major-2025,201844
MOUZ,Mirage,No,N/A,N/A,xertioN,Israel,29,18,33,71.7%,-4,82.6,-1,1.08,21,N/A,N/A,1.04,26,3,https://www.hltv.org/matches/2382614/spirit-vs-mouz-blasttv-austin-major-2025,201844
MOUZ,Mirage,No,N/A,N/A,Jimpphat,Finland,29,9,28,80.4%,+1,71.5,0,1.04,21,N/A,N/A,1.04,26,3,https://www.hltv.org/matches/2382614/spirit-vs-mouz-blasttv-austin-major-2025,201844
MOUZ,Mirage,No,N/A,N/A,Brollan,Sweden,28,10,35,69.6%,-7,73.4,+4,1.01,21,N/A,N/A,1.04,26,3,https://www.hltv.org/matches/2382614/spirit-vs-mouz-blasttv-austin-major-2025,201844
MOUZ,Mirage,No,N/A,N/A,Spinx,Israel,34,8,36,73.9%,-2,79.9,-3,1.00,21,N/A,N/A,1.04,26,3,https://www.hltv.org/matches/2382614/spirit-vs-mouz-blasttv-austin-major-2025,201844
FaZe,Mirage,No,N/A,N/A,karrigan,Denmark,20,3,14,86.4%,+6,90.8,+3,1.41,9,6,3,0.99,12,0,https://www.hltv.org/matches/2382615/faze-vs-the-mongolz-blasttv-austin-major-2025,201905
FaZe,Mirage,No,N/A,N/A,s1mple,Ukraine,14,4,14,68.2%,0,74.4,0,1.02,9,6,3,0.99,12,0,https://www.hltv.org/matches/2382615/faze-vs-the-mongolz-blasttv-austin-major-2025,201905
FaZe,Mirage,No,N/A,N/A,rain,Norway,14,2,16,72.7%,-2,82.0,0,1.01,9,6,3,0.99,12,0,https://www.hltv.org/matches/2382615/faze-vs-the-mongolz-blasttv-austin-major-2025,201905
FaZe,Mirage,No,N/A,N/A,EliGE,United States,10,6,15,63.6%,-5,57.2,+1,0.80,9,6,3,0.99,12,0,https://www.hltv.org/matches/2382615/faze-vs-the-mongolz-blasttv-austin-major-2025,201905
FaZe,Mirage,No,N/A,N/A,frozen,Slovakia,10,2,16,50.0%,-6,71.0,-2,0.69,9,6,3,0.99,12,0,https://www.hltv.org/matches/2382615/faze-vs-the-mongolz-blasttv-austin-major-2025,201905
The MongolZ,Mirage,Yes,N/A,N/A,910,Mongolia,21,5,11,77.3%,+10,100.8,+2,1.51,13,7,6,1.06,10,0,https://www.hltv.org/matches/2382615/faze-vs-the-mongolz-blasttv-austin-major-2025,201905
The MongolZ,Mirage,Yes,N/A,N/A,bLitz,Mongolia,17,5,14,63.6%,+3,85.6,0,1.21,13,7,6,1.06,10,0,https://www.hltv.org/matches/2382615/faze-vs-the-mongolz-blasttv-austin-major-2025,201905
The MongolZ,Mirage,Yes,N/A,N/A,Senzu,Mongolia,13,5,13,68.2%,0,59.7,-1,1.00,13,7,6,1.06,10,0,https://www.hltv.org/matches/2382615/faze-vs-the-mongolz-blasttv-austin-major-2025,201905
The MongolZ,Mirage,Yes,N/A,N/A,mzinho,Mongolia,15,3,13,59.1%,+2,61.4,-3,0.91,13,7,6,1.06,10,0,https://www.hltv.org/matches/2382615/faze-vs-the-mongolz-blasttv-austin-major-2025,201905
The MongolZ,Mirage,Yes,N/A,N/A,Techno,Mongolia,9,3,17,63.6%,-8,52.6,0,0.69,13,7,6,1.06,10,0,https://www.hltv.org/matches/2382615/faze-vs-the-mongolz-blasttv-austin-major-2025,201905
Natus Vincere,Mirage,No,N/A,N/A,b1t,Ukraine,16,4,14,77.3%,+2,70.3,+3,1.14,9,6,3,0.98,8,2,https://www.hltv.org/matches/2382616/natus-vincere-vs-vitality-blasttv-austin-major-2025,201895
Natus Vincere,Mirage,No,N/A,N/A,iM,Romania,14,14,15,86.4%,-1,86.5,-3,1.12,9,6,3,0.98,8,2,https://www.hltv.org/matches/2382616/natus-vincere-vs-vitality-blasttv-austin-major-2025,201895
Natus Vincere,Mirage,No,N/A,N/A,w0nderful,Ukraine,16,3,14,59.1%,+2,70.3,-6,0.99,9,6,3,0.98,8,2,https://www.hltv.org/matches/2382616/natus-vincere-vs-vitality-blasttv-austin-major-2025,201895
Natus Vincere,Mirage,No,N/A,N/A,jL,Lithuania,10,5,13,77.3%,-3,55.4,+1,0.91,9,6,3,0.98,8,2,https://www.hltv.org/matches/2382616/natus-vincere-vs-vitality-blasttv-austin-major-2025,201895
Natus Vincere,Mirage,No,N/A,N/A,Aleksib,Finland,11,1,13,72.7%,-2,50.3,-1,0.76,9,6,3,0.98,8,2,https://www.hltv.org/matches/2382616/natus-vincere-vs-vitality-blasttv-austin-major-2025,201895
Vitality,Mirage,Yes,N/A,N/A,mezii,United Kingdom,16,2,12,72.7%,+4,74.9,+4,1.26,13,7,6,1.04,14,2,https://www.hltv.org/matches/2382616/natus-vincere-vs-vitality-blasttv-austin-major-2025,201895
Vitality,Mirage,Yes,N/A,N/A,ZywOo,France,17,1,11,72.7%,+6,66.6,+2,1.23,13,7,6,1.04,14,2,https://www.hltv.org/matches/2382616/natus-vincere-vs-vitality-blasttv-austin-major-2025,201895
Vitality,Mirage,Yes,N/A,N/A,ropz,Estonia,15,2,13,72.7%,+2,68.7,+1,1.01,13,7,6,1.04,14,2,https://www.hltv.org/matches/2382616/natus-vincere-vs-vitality-blasttv-austin-major-2025,201895
Vitality,Mirage,Yes,N/A,N/A,flameZ,Israel,10,5,16,63.6%,-6,61.1,0,0.86,13,7,6,1.04,14,2,https://www.hltv.org/matches/2382616/natus-vincere-vs-vitality-blasttv-austin-major-2025,201895
Vitality,Mirage,Yes,N/A,N/A,apEX,France,9,9,15,77.3%,-6,59.0,-1,0.84,13,7,6,1.04,14,2,https://www.hltv.org/matches/2382616/natus-vincere-vs-vitality-blasttv-austin-major-2025,201895
fnatic,Ancient,Yes,N/A,N/A,KRIMZ,Sweden,25,8,11,91.7%,+14,98.3,+1,1.69,13,7,6,1.26,12,1,https://www.hltv.org/matches/2383149/fnatic-vs-og-exort-the-proving-grounds-season-1,201880
fnatic,Ancient,Yes,N/A,N/A,MATYS,Slovakia,20,9,18,83.3%,+2,102.1,0,1.32,13,7,6,1.26,12,1,https://www.hltv.org/matches/2383149/fnatic-vs-og-exort-the-proving-grounds-season-1,201880
fnatic,Ancient,Yes,N/A,N/A,jambo,Ukraine,19,7,13,83.3%,+6,84.0,0,1.31,13,7,6,1.26,12,1,https://www.hltv.org/matches/2383149/fnatic-vs-og-exort-the-proving-grounds-season-1,201880
fnatic,Ancient,Yes,N/A,N/A,blameF,Denmark,15,6,17,75.0%,-2,65.0,0,1.05,13,7,6,1.26,12,1,https://www.hltv.org/matches/2383149/fnatic-vs-og-exort-the-proving-grounds-season-1,201880
fnatic,Ancient,Yes,N/A,N/A,fear,Ukraine,13,6,17,79.2%,-4,58.2,-1,0.94,13,7,6,1.26,12,1,https://www.hltv.org/matches/2383149/fnatic-vs-og-exort-the-proving-grounds-season-1,201880
OG,Ancient,No,N/A,N/A,Buzz,Denmark,21,5,17,83.3%,+4,85.5,+2,1.21,11,6,5,0.90,12,0,https://www.hltv.org/matches/2383149/fnatic-vs-og-exort-the-proving-grounds-season-1,201880
OG,Ancient,No,N/A,N/A,nicoodoz,Denmark,16,4,19,62.5%,-3,79.6,-1,0.94,11,6,5,0.90,12,0,https://www.hltv.org/matches/2383149/fnatic-vs-og-exort-the-proving-grounds-season-1,201880
OG,Ancient,No,N/A,N/A,F1KU,Poland,14,8,18,75.0%,-4,67.2,-2,0.84,11,6,5,0.90,12,0,https://www.hltv.org/matches/2383149/fnatic-vs-og-exort-the-proving-grounds-season-1,201880
OG,Ancient,No,N/A,N/A,Chr1zN,Denmark,12,4,21,66.7%,-9,59.8,+1,0.77,11,6,5,0.90,12,0,https://www.hltv.org/matches/2383149/fnatic-vs-og-exort-the-proving-grounds-season-1,201880
OG,Ancient,No,N/A,N/A,spooke,Sweden,12,5,17,58.3%,-5,50.2,0,0.76,11,6,5,0.90,12,0,https://www.hltv.org/matches/2383149/fnatic-vs-og-exort-the-proving-grounds-season-1,201880
FURIA,Nuke,Yes,N/A,N/A,molodoy,Kazakhstan,19,1,11,84.2%,+8,92.6,+2,1.44,13,8,5,1.27,10,0,https://www.hltv.org/matches/2382613/furia-vs-pain-blasttv-austin-major-2025,201855
FURIA,Nuke,Yes,N/A,N/A,yuurih,Brazil,15,2,9,89.5%,+6,79.2,+1,1.33,13,8,5,1.27,10,0,https://www.hltv.org/matches/2382613/furia-vs-pain-blasttv-austin-major-2025,201855
FURIA,Nuke,Yes,N/A,N/A,KSCERATO,Brazil,12,5,9,84.2%,+3,71.2,+1,1.23,13,8,5,1.27,10,0,https://www.hltv.org/matches/2382613/furia-vs-pain-blasttv-austin-major-2025,201855
FURIA,Nuke,Yes,N/A,N/A,YEKINDAR,Latvia,13,6,13,89.5%,0,81.8,-2,1.18,13,8,5,1.27,10,0,https://www.hltv.org/matches/2382613/furia-vs-pain-blasttv-austin-major-2025,201855
FURIA,Nuke,Yes,N/A,N/A,FalleN,Brazil,15,4,11,63.2%,+4,85.7,-1,1.15,13,8,5,1.27,10,0,https://www.hltv.org/matches/2382613/furia-vs-pain-blasttv-austin-major-2025,201855
paiN,Nuke,No,N/A,N/A,nqz,Brazil,13,3,11,68.4%,+2,65.3,+1,0.93,6,2,4,0.78,9,1,https://www.hltv.org/matches/2382613/furia-vs-pain-blasttv-austin-major-2025,201855
paiN,Nuke,No,N/A,N/A,dgt,Uruguay,14,0,15,63.2%,-1,64.3,+1,0.90,6,2,4,0.78,9,1,https://www.hltv.org/matches/2382613/furia-vs-pain-blasttv-austin-major-2025,201855
paiN,Nuke,No,N/A,N/A,biguzera,Brazil,9,4,16,57.9%,-7,61.6,0,0.81,6,2,4,0.78,9,1,https://www.hltv.org/matches/2382613/furia-vs-pain-blasttv-austin-major-2025,201855
paiN,Nuke,No,N/A,N/A,snow,Brazil,8,4,16,52.6%,-8,52.2,-2,0.64,6,2,4,0.78,9,1,https://www.hltv.org/matches/2382613/furia-vs-pain-blasttv-austin-major-2025,201855
paiN,Nuke,No,N/A,N/A,dav1deuS,Chile,8,4,16,63.2%,-8,49.9,-1,0.61,6,2,4,0.78,9,1,https://www.hltv.org/matches/2382613/furia-vs-pain-blasttv-austin-major-2025,201855
Spirit,Mirage,Yes,N/A,N/A,donk,Russia,37,10,32,71.7%,+5,78.9,-1,1.12,25,N/A,N/A,1.03,20,7,https://www.hltv.org/matches/2382614/spirit-vs-mouz-blasttv-austin-major-2025,201844
Spirit,Mirage,Yes,N/A,N/A,chopper,Russia,33,8,33,78.3%,0,77.2,-1,1.10,25,N/A,N/A,1.03,20,7,https://www.hltv.org/matches/2382614/spirit-vs-mouz-blasttv-austin-major-2025,201844
Spirit,Mirage,Yes,N/A,N/A,zont1x,Ukraine,32,11,32,69.6%,0,80.6,-2,1.04,25,N/A,N/A,1.03,20,7,https://www.hltv.org/matches/2382614/spirit-vs-mouz-blasttv-austin-major-2025,201844
Spirit,Mirage,Yes,N/A,N/A,sh1ro,Russia,30,9,29,78.3%,+1,64.8,+3,1.02,25,N/A,N/A,1.03,20,7,https://www.hltv.org/matches/2382614/spirit-vs-mouz-blasttv-austin-major-2025,201844
Spirit,Mirage,Yes,N/A,N/A,magixx,Russia,26,11,30,63.0%,-4,62.4,-5,0.86,25,N/A,N/A,1.03,20,7,https://www.hltv.org/matches/2382614/spirit-vs-mouz-blasttv-austin-major-2025,201844
MOUZ,Mirage,No,N/A,N/A,torzsi,Hungary,35,8,27,69.6%,+8,72.4,+6,1.10,21,N/A,N/A,1.04,26,3,https://www.hltv.org/matches/2382614/spirit-vs-mouz-blasttv-austin-major-2025,201844
MOUZ,Mirage,No,N/A,N/A,xertioN,Israel,29,18,33,71.7%,-4,82.6,-1,1.08,21,N/A,N/A,1.04,26,3,https://www.hltv.org/matches/2382614/spirit-vs-mouz-blasttv-austin-major-2025,201844
MOUZ,Mirage,No,N/A,N/A,Jimpphat,Finland,29,9,28,80.4%,+1,71.5,0,1.04,21,N/A,N/A,1.04,26,3,https://www.hltv.org/matches/2382614/spirit-vs-mouz-blasttv-austin-major-2025,201844
MOUZ,Mirage,No,N/A,N/A,Brollan,Sweden,28,10,35,69.6%,-7,73.4,+4,1.01,21,N/A,N/A,1.04,26,3,https://www.hltv.org/matches/2382614/spirit-vs-mouz-blasttv-austin-major-2025,201844
MOUZ,Mirage,No,N/A,N/A,Spinx,Israel,34,8,36,73.9%,-2,79.9,-3,1.00,21,N/A,N/A,1.04,26,3,https://www.hltv.org/matches/2382614/spirit-vs-mouz-blasttv-austin-major-2025,201844
OG,Nuke,Yes,N/A,N/A,Buzz,Denmark,17,3,11,83.3%,+6,97.9,+4,1.59,13,8,5,1.29,10,2,https://www.hltv.org/matches/2383141/og-vs-ruby-exort-the-proving-grounds-season-1,201764
OG,Nuke,Yes,N/A,N/A,nicoodoz,Denmark,17,5,10,83.3%,+7,80.4,-1,1.42,13,8,5,1.29,10,2,https://www.hltv.org/matches/2383141/og-vs-ruby-exort-the-proving-grounds-season-1,201764
OG,Nuke,Yes,N/A,N/A,F1KU,Poland,10,4,7,83.3%,+3,61.4,+2,1.25,13,8,5,1.29,10,2,https://www.hltv.org/matches/2383141/og-vs-ruby-exort-the-proving-grounds-season-1,201764
OG,Nuke,Yes,N/A,N/A,Chr1zN,Denmark,11,6,9,83.3%,+2,83.3,-2,1.25,13,8,5,1.29,10,2,https://www.hltv.org/matches/2383141/og-vs-ruby-exort-the-proving-grounds-season-1,201764
OG,Nuke,Yes,N/A,N/A,spooke,Sweden,12,1,11,55.6%,+1,60.3,-1,0.96,13,8,5,1.29,10,2,https://www.hltv.org/matches/2383141/og-vs-ruby-exort-the-proving-grounds-season-1,201764
RUBY,Nuke,No,N/A,N/A,fozil,Russia,13,3,13,61.1%,0,85.7,+1,1.01,5,1,4,0.73,8,0,https://www.hltv.org/matches/2383141/og-vs-ruby-exort-the-proving-grounds-season-1,201764
RUBY,Nuke,No,N/A,N/A,maQuein,Russia,13,1,14,72.2%,-1,61.2,+2,0.82,5,1,4,0.73,8,0,https://www.hltv.org/matches/2383141/og-vs-ruby-exort-the-proving-grounds-season-1,201764
RUBY,Nuke,No,N/A,N/A,Kaide,Russia,9,4,12,72.2%,-3,62.4,-1,0.77,5,1,4,0.73,8,0,https://www.hltv.org/matches/2383141/og-vs-ruby-exort-the-proving-grounds-season-1,201764
RUBY,Nuke,No,N/A,N/A,sowalio,Russia,7,3,14,50.0%,-7,49.1,-3,0.54,5,1,4,0.73,8,0,https://www.hltv.org/matches/2383141/og-vs-ruby-exort-the-proving-grounds-season-1,201764
RUBY,Nuke,No,N/A,N/A,H4SAN4TOR,Russia,5,2,15,61.1%,-10,42.9,-1,0.51,5,1,4,0.73,8,0,https://www.hltv.org/matches/2383141/og-vs-ruby-exort-the-proving-grounds-season-1,201764
Virtus.pro,Mirage,No,N/A,N/A,ICY,Kazakhstan,17,4,14,81.0%,+3,79.0,-2,0.99,8,4,4,0.81,5,1,https://www.hltv.org/matches/2382612/virtuspro-vs-pain-blasttv-austin-major-2025,201648
Virtus.pro,Mirage,No,N/A,N/A,FL4MUS,Russia,14,3,11,76.2%,+3,68.9,-2,0.97,8,4,4,0.81,5,1,https://www.hltv.org/matches/2382612/virtuspro-vs-pain-blasttv-austin-major-2025,201648
Virtus.pro,Mirage,No,N/A,N/A,FL1T,Russia,12,6,15,61.9%,-3,70.3,-3,0.81,8,4,4,0.81,5,1,https://www.hltv.org/matches/2382612/virtuspro-vs-pain-blasttv-austin-major-2025,201648
Virtus.pro,Mirage,No,N/A,N/A,electroNic,Russia,11,5,15,71.4%,-4,62.4,-2,0.78,8,4,4,0.81,5,1,https://www.hltv.org/matches/2382612/virtuspro-vs-pain-blasttv-austin-major-2025,201648
Virtus.pro,Mirage,No,N/A,N/A,fame,Russia,8,3,16,61.9%,-8,46.1,-2,0.52,8,4,4,0.81,5,1,https://www.hltv.org/matches/2382612/virtuspro-vs-pain-blasttv-austin-major-2025,201648
paiN,Mirage,Yes,N/A,N/A,nqz,Brazil,20,5,10,95.2%,+10,92.7,+6,1.69,13,5,8,1.20,16,1,https://www.hltv.org/matches/2382612/virtuspro-vs-pain-blasttv-austin-major-2025,201648
paiN,Mirage,Yes,N/A,N/A,biguzera,Brazil,19,6,13,76.2%,+6,98.6,+2,1.46,13,5,8,1.20,16,1,https://www.hltv.org/matches/2382612/virtuspro-vs-pain-blasttv-austin-major-2025,201648
paiN,Mirage,Yes,N/A,N/A,dgt,Uruguay,15,5,11,85.7%,+4,71.2,+1,1.22,13,5,8,1.20,16,1,https://www.hltv.org/matches/2382612/virtuspro-vs-pain-blasttv-austin-major-2025,201648
paiN,Mirage,Yes,N/A,N/A,dav1deuS,Chile,12,7,15,71.4%,-3,78.0,+2,1.00,13,5,8,1.20,16,1,https://www.hltv.org/matches/2382612/virtuspro-vs-pain-blasttv-austin-major-2025,201648
paiN,Mirage,Yes,N/A,N/A,snow,Brazil,5,3,13,57.1%,-8,37.0,0,0.65,13,5,8,1.20,16,1,https://www.hltv.org/matches/2382612/virtuspro-vs-pain-blasttv-austin-major-2025,201648
FaZe,Mirage,No,N/A,N/A,karrigan,Denmark,20,3,14,86.4%,+6,90.8,+3,1.41,9,6,3,0.99,12,0,https://www.hltv.org/matches/2382615/faze-vs-the-mongolz-blasttv-austin-major-2025,201905
FaZe,Mirage,No,N/A,N/A,s1mple,Ukraine,14,4,14,68.2%,0,74.4,0,1.02,9,6,3,0.99,12,0,https://www.hltv.org/matches/2382615/faze-vs-the-mongolz-blasttv-austin-major-2025,201905
FaZe,Mirage,No,N/A,N/A,rain,Norway,14,2,16,72.7%,-2,82.0,0,1.01,9,6,3,0.99,12,0,https://www.hltv.org/matches/2382615/faze-vs-the-mongolz-blasttv-austin-major-2025,201905
FaZe,Mirage,No,N/A,N/A,EliGE,United States,10,6,15,63.6%,-5,57.2,+1,0.80,9,6,3,0.99,12,0,https://www.hltv.org/matches/2382615/faze-vs-the-mongolz-blasttv-austin-major-2025,201905
FaZe,Mirage,No,N/A,N/A,frozen,Slovakia,10,2,16,50.0%,-6,71.0,-2,0.69,9,6,3,0.99,12,0,https://www.hltv.org/matches/2382615/faze-vs-the-mongolz-blasttv-austin-major-2025,201905
The MongolZ,Mirage,Yes,N/A,N/A,910,Mongolia,21,5,11,77.3%,+10,100.8,+2,1.51,13,7,6,1.06,10,0,https://www.hltv.org/matches/2382615/faze-vs-the-mongolz-blasttv-austin-major-2025,201905
The MongolZ,Mirage,Yes,N/A,N/A,bLitz,Mongolia,17,5,14,63.6%,+3,85.6,0,1.21,13,7,6,1.06,10,0,https://www.hltv.org/matches/2382615/faze-vs-the-mongolz-blasttv-austin-major-2025,201905
The MongolZ,Mirage,Yes,N/A,N/A,Senzu,Mongolia,13,5,13,68.2%,0,59.7,-1,1.00,13,7,6,1.06,10,0,https://www.hltv.org/matches/2382615/faze-vs-the-mongolz-blasttv-austin-major-2025,201905
The MongolZ,Mirage,Yes,N/A,N/A,mzinho,Mongolia,15,3,13,59.1%,+2,61.4,-3,0.91,13,7,6,1.06,10,0,https://www.hltv.org/matches/2382615/faze-vs-the-mongolz-blasttv-austin-major-2025,201905
The MongolZ,Mirage,Yes,N/A,N/A,Techno,Mongolia,9,3,17,63.6%,-8,52.6,0,0.69,13,7,6,1.06,10,0,https://www.hltv.org/matches/2382615/faze-vs-the-mongolz-blasttv-austin-major-2025,201905
The MongolZ,Ancient,Yes,N/A,N/A,910,Mongolia,16,4,12,78.9%,+4,81.2,+1,1.37,13,6,7,1.05,8,2,https://www.hltv.org/matches/2382611/the-mongolz-vs-g2-blasttv-austin-major-2025,201632
The MongolZ,Ancient,Yes,N/A,N/A,Senzu,Mongolia,10,10,10,78.9%,0,77.1,+2,1.06,13,6,7,1.05,8,2,https://www.hltv.org/matches/2382611/the-mongolz-vs-g2-blasttv-austin-major-2025,201632
The MongolZ,Ancient,Yes,N/A,N/A,Techno,Mongolia,13,4,13,73.7%,0,70.4,-2,1.03,13,6,7,1.05,8,2,https://www.hltv.org/matches/2382611/the-mongolz-vs-g2-blasttv-austin-major-2025,201632
The MongolZ,Ancient,Yes,N/A,N/A,mzinho,Mongolia,12,6,13,84.2%,-1,75.2,-2,1.02,13,6,7,1.05,8,2,https://www.hltv.org/matches/2382611/the-mongolz-vs-g2-blasttv-austin-major-2025,201632
The MongolZ,Ancient,Yes,N/A,N/A,bLitz,Mongolia,8,4,11,57.9%,-3,45.8,-2,0.78,13,6,7,1.05,8,2,https://www.hltv.org/matches/2382611/the-mongolz-vs-g2-blasttv-austin-major-2025,201632
G2,Ancient,No,N/A,N/A,HeavyGod,Israel,18,6,10,84.2%,+8,103.4,+1,1.49,6,0,6,1.05,11,0,https://www.hltv.org/matches/2382611/the-mongolz-vs-g2-blasttv-austin-major-2025,201632
G2,Ancient,No,N/A,N/A,huNter-,Bosnia and Herzegovina,16,6,13,84.2%,+3,83.9,+1,1.26,6,0,6,1.05,11,0,https://www.hltv.org/matches/2382611/the-mongolz-vs-g2-blasttv-austin-major-2025,201632
G2,Ancient,No,N/A,N/A,malbsMd,Guatemala,16,0,14,63.2%,+2,88.5,+3,1.22,6,0,6,1.05,11,0,https://www.hltv.org/matches/2382611/the-mongolz-vs-g2-blasttv-austin-major-2025,201632
G2,Ancient,No,N/A,N/A,Snax,Poland,5,5,11,78.9%,-6,39.5,0,0.67,6,0,6,1.05,11,0,https://www.hltv.org/matches/2382611/the-mongolz-vs-g2-blasttv-austin-major-2025,201632
G2,Ancient,No,N/A,N/A,hades,Poland,4,9,13,68.4%,-9,48.1,-2,0.63,6,0,6,1.05,11,0,https://www.hltv.org/matches/2382611/the-mongolz-vs-g2-blasttv-austin-major-2025,201632
Legacy,Ancient,Yes,N/A,N/A,n1ssim,Brazil,18,6,7,82.4%,+11,110.2,+2,1.81,13,10,3,1.52,15,1,https://www.hltv.org/matches/2382610/legacy-vs-mouz-blasttv-austin-major-2025,201609
Legacy,Ancient,Yes,N/A,N/A,latto,Brazil,17,5,7,82.4%,+10,105.2,+3,1.74,13,10,3,1.52,15,1,https://www.hltv.org/matches/2382610/legacy-vs-mouz-blasttv-austin-major-2025,201609
Legacy,Ancient,Yes,N/A,N/A,lux,Brazil,12,12,9,94.1%,+3,94.4,+2,1.46,13,10,3,1.52,15,1,https://www.hltv.org/matches/2382610/legacy-vs-mouz-blasttv-austin-major-2025,201609
Legacy,Ancient,Yes,N/A,N/A,dumau,Brazil,15,1,7,88.2%,+8,76.5,+5,1.43,13,10,3,1.52,15,1,https://www.hltv.org/matches/2382610/legacy-vs-mouz-blasttv-austin-major-2025,201609
Legacy,Ancient,Yes,N/A,N/A,saadzin,Brazil,8,7,4,94.1%,+4,43.9,+1,1.16,13,10,3,1.52,15,1,https://www.hltv.org/matches/2382610/legacy-vs-mouz-blasttv-austin-major-2025,201609
MOUZ,Ancient,No,N/A,N/A,xertioN,Israel,7,2,15,47.1%,-8,65.0,-4,0.63,4,2,2,0.56,2,0,https://www.hltv.org/matches/2382610/legacy-vs-mouz-blasttv-austin-major-2025,201609
MOUZ,Ancient,No,N/A,N/A,Spinx,Israel,6,5,12,58.8%,-6,49.6,-1,0.62,4,2,2,0.56,2,0,https://www.hltv.org/matches/2382610/legacy-vs-mouz-blasttv-austin-major-2025,201609
MOUZ,Ancient,No,N/A,N/A,Brollan,Sweden,7,5,15,47.1%,-8,65.1,-6,0.56,4,2,2,0.56,2,0,https://www.hltv.org/matches/2382610/legacy-vs-mouz-blasttv-austin-major-2025,201609
MOUZ,Ancient,No,N/A,N/A,Jimpphat,Finland,7,0,13,52.9%,-6,52.5,+1,0.54,4,2,2,0.56,2,0,https://www.hltv.org/matches/2382610/legacy-vs-mouz-blasttv-austin-major-2025,201609
MOUZ,Ancient,No,N/A,N/A,torzsi,Hungary,7,3,15,52.9%,-8,47.8,-3,0.44,4,2,2,0.56,2,0,https://www.hltv.org/matches/2382610/legacy-vs-mouz-blasttv-austin-major-2025,201609
Natus Vincere,Mirage,Yes,N/A,N/A,jL,Lithuania,30,5,14,91.3%,+16,132.1,+2,1.96,13,7,6,1.12,10,4,https://www.hltv.org/matches/2382609/natus-vincere-vs-g2-blasttv-austin-major-2025,201539
Natus Vincere,Mirage,Yes,N/A,N/A,iM,Romania,20,6,14,78.3%,+6,91.8,0,1.37,13,7,6,1.12,10,4,https://www.hltv.org/matches/2382609/natus-vincere-vs-g2-blasttv-austin-major-2025,201539
Natus Vincere,Mirage,Yes,N/A,N/A,w0nderful,Ukraine,14,3,14,69.6%,0,46.8,+2,0.87,13,7,6,1.12,10,4,https://www.hltv.org/matches/2382609/natus-vincere-vs-g2-blasttv-austin-major-2025,201539
Natus Vincere,Mirage,Yes,N/A,N/A,b1t,Ukraine,10,8,18,65.2%,-8,64.6,-1,0.77,13,7,6,1.12,10,4,https://www.hltv.org/matches/2382609/natus-vincere-vs-g2-blasttv-austin-major-2025,201539
Natus Vincere,Mirage,Yes,N/A,N/A,Aleksib,Finland,9,8,19,69.6%,-10,54.6,-6,0.61,13,7,6,1.12,10,4,https://www.hltv.org/matches/2382609/natus-vincere-vs-g2-blasttv-austin-major-2025,201539
G2,Mirage,No,N/A,N/A,huNter-,Bosnia and Herzegovina,23,0,14,78.3%,+9,76.0,-1,1.34,10,5,5,1.08,13,1,https://www.hltv.org/matches/2382609/natus-vincere-vs-g2-blasttv-austin-major-2025,201539
G2,Mirage,No,N/A,N/A,HeavyGod,Israel,13,11,16,73.9%,-3,90.6,0,1.13,10,5,5,1.08,13,1,https://www.hltv.org/matches/2382609/natus-vincere-vs-g2-blasttv-austin-major-2025,201539
G2,Mirage,No,N/A,N/A,Snax,Poland,14,4,19,73.9%,-5,69.5,+2,1.05,10,5,5,1.08,13,1,https://www.hltv.org/matches/2382609/natus-vincere-vs-g2-blasttv-austin-major-2025,201539
G2,Mirage,No,N/A,N/A,malbsMd,Guatemala,15,4,20,78.3%,-5,77.7,+2,1.05,10,5,5,1.08,13,1,https://www.hltv.org/matches/2382609/natus-vincere-vs-g2-blasttv-austin-major-2025,201539
G2,Mirage,No,N/A,N/A,hades,Poland,14,2,16,73.9%,-2,52.8,0,0.85,10,5,5,1.08,13,1,https://www.hltv.org/matches/2382609/natus-vincere-vs-g2-blasttv-austin-major-2025,201539
Virtus.pro,Train,No,N/A,N/A,electroNic,Russia,16,3,17,78.9%,-1,85.9,0,1.00,6,5,1,0.78,7,0,https://www.hltv.org/matches/2382608/virtuspro-vs-vitality-blasttv-austin-major-2025,201548
Virtus.pro,Train,No,N/A,N/A,FL1T,Russia,13,3,14,68.4%,-1,96.8,0,0.99,6,5,1,0.78,7,0,https://www.hltv.org/matches/2382608/virtuspro-vs-vitality-blasttv-austin-major-2025,201548
Virtus.pro,Train,No,N/A,N/A,ICY,Kazakhstan,11,3,14,68.4%,-3,61.2,0,0.90,6,5,1,0.78,7,0,https://www.hltv.org/matches/2382608/virtuspro-vs-vitality-blasttv-austin-major-2025,201548
Virtus.pro,Train,No,N/A,N/A,FL4MUS,Russia,9,5,16,63.2%,-7,73.3,-3,0.65,6,5,1,0.78,7,0,https://www.hltv.org/matches/2382608/virtuspro-vs-vitality-blasttv-austin-major-2025,201548
Virtus.pro,Train,No,N/A,N/A,fame,Russia,4,3,16,42.1%,-12,34.9,-2,0.40,6,5,1,0.78,7,0,https://www.hltv.org/matches/2382608/virtuspro-vs-vitality-blasttv-austin-major-2025,201548
Vitality,Train,Yes,N/A,N/A,ZywOo,France,16,8,9,89.5%,+7,98.3,0,1.56,13,6,7,1.33,12,1,https://www.hltv.org/matches/2382608/virtuspro-vs-vitality-blasttv-austin-major-2025,201548
Vitality,Train,Yes,N/A,N/A,ropz,Estonia,19,0,8,78.9%,+11,85.9,+3,1.54,13,6,7,1.33,12,1,https://www.hltv.org/matches/2382608/virtuspro-vs-vitality-blasttv-austin-major-2025,201548
Vitality,Train,Yes,N/A,N/A,flameZ,Israel,17,4,12,78.9%,+5,93.4,0,1.39,13,6,7,1.33,12,1,https://www.hltv.org/matches/2382608/virtuspro-vs-vitality-blasttv-austin-major-2025,201548
Vitality,Train,Yes,N/A,N/A,mezii,United Kingdom,12,4,10,84.2%,+2,61.5,+2,1.17,13,6,7,1.33,12,1,https://www.hltv.org/matches/2382608/virtuspro-vs-vitality-blasttv-austin-major-2025,201548
Vitality,Train,Yes,N/A,N/A,apEX,France,12,7,14,68.4%,-2,74.5,0,1.02,13,6,7,1.33,12,1,https://www.hltv.org/matches/2382608/virtuspro-vs-vitality-blasttv-austin-major-2025,201548
Aurora,Train,No,N/A,N/A,XANTARES,Turkey,16,3,15,65.2%,+1,79.2,0,1.00,10,8,2,0.86,10,1,https://www.hltv.org/matches/2382607/aurora-vs-mouz-blasttv-austin-major-2025,201524
Aurora,Train,No,N/A,N/A,Wicadia,Turkey,15,2,14,52.2%,+1,73.7,0,0.97,10,8,2,0.86,10,1,https://www.hltv.org/matches/2382607/aurora-vs-mouz-blasttv-austin-major-2025,201524
Aurora,Train,No,N/A,N/A,MAJ3R,Turkey,12,8,13,73.9%,-1,65.2,-1,0.87,10,8,2,0.86,10,1,https://www.hltv.org/matches/2382607/aurora-vs-mouz-blasttv-austin-major-2025,201524
Aurora,Train,No,N/A,N/A,jottAAA,Turkey,13,3,19,56.5%,-6,66.7,-2,0.74,10,8,2,0.86,10,1,https://www.hltv.org/matches/2382607/aurora-vs-mouz-blasttv-austin-major-2025,201524
Aurora,Train,No,N/A,N/A,woxic,Turkey,12,1,20,56.5%,-8,65.8,0,0.70,10,8,2,0.86,10,1,https://www.hltv.org/matches/2382607/aurora-vs-mouz-blasttv-austin-major-2025,201524
MOUZ,Train,Yes,N/A,N/A,Spinx,Israel,18,5,11,82.6%,+7,85.7,0,1.34,13,9,4,1.18,13,1,https://www.hltv.org/matches/2382607/aurora-vs-mouz-blasttv-austin-major-2025,201524
MOUZ,Train,Yes,N/A,N/A,Brollan,Sweden,19,8,14,65.2%,+5,78.7,0,1.27,13,9,4,1.18,13,1,https://www.hltv.org/matches/2382607/aurora-vs-mouz-blasttv-austin-major-2025,201524
MOUZ,Train,Yes,N/A,N/A,xertioN,Israel,15,14,18,78.3%,-3,81.9,0,1.15,13,9,4,1.18,13,1,https://www.hltv.org/matches/2382607/aurora-vs-mouz-blasttv-austin-major-2025,201524
MOUZ,Train,Yes,N/A,N/A,Jimpphat,Finland,15,6,11,73.9%,+4,72.8,+2,1.11,13,9,4,1.18,13,1,https://www.hltv.org/matches/2382607/aurora-vs-mouz-blasttv-austin-major-2025,201524
MOUZ,Train,Yes,N/A,N/A,torzsi,Hungary,14,2,14,65.2%,0,55.6,+1,1.03,13,9,4,1.18,13,1,https://www.hltv.org/matches/2382607/aurora-vs-mouz-blasttv-austin-major-2025,201524
The MongolZ,Ancient,No,N/A,N/A,mzinho,Mongolia,23,6,13,79.2%,+10,92.9,+3,1.50,11,8,3,1.08,13,0,https://www.hltv.org/matches/2382606/the-mongolz-vs-faze-blasttv-austin-major-2025,201525
The MongolZ,Ancient,No,N/A,N/A,Senzu,Mongolia,16,10,14,79.2%,+2,81.6,+2,1.21,11,8,3,1.08,13,0,https://www.hltv.org/matches/2382606/the-mongolz-vs-faze-blasttv-austin-major-2025,201525
The MongolZ,Ancient,No,N/A,N/A,bLitz,Mongolia,16,7,14,70.8%,+2,78.5,-4,1.10,11,8,3,1.08,13,0,https://www.hltv.org/matches/2382606/the-mongolz-vs-faze-blasttv-austin-major-2025,201525
The MongolZ,Ancient,No,N/A,N/A,910,Mongolia,11,5,13,62.5%,-2,48.0,+1,0.86,11,8,3,1.08,13,0,https://www.hltv.org/matches/2382606/the-mongolz-vs-faze-blasttv-austin-major-2025,201525
The MongolZ,Ancient,No,N/A,N/A,Techno,Mongolia,12,2,16,54.2%,-4,56.9,0,0.76,11,8,3,1.08,13,0,https://www.hltv.org/matches/2382606/the-mongolz-vs-faze-blasttv-austin-major-2025,201525
FaZe,Ancient,Yes,N/A,N/A,s1mple,Ukraine,18,5,11,70.8%,+7,79.0,+3,1.30,13,9,4,0.91,11,3,https://www.hltv.org/matches/2382606/the-mongolz-vs-faze-blasttv-austin-major-2025,201525
FaZe,Ancient,Yes,N/A,N/A,frozen,Slovakia,17,3,13,70.8%,+4,75.4,+1,1.11,13,9,4,0.91,11,3,https://www.hltv.org/matches/2382606/the-mongolz-vs-faze-blasttv-austin-major-2025,201525
FaZe,Ancient,Yes,N/A,N/A,EliGE,United States,15,6,20,58.3%,-5,84.8,-1,0.92,13,9,4,0.91,11,3,https://www.hltv.org/matches/2382606/the-mongolz-vs-faze-blasttv-austin-major-2025,201525
FaZe,Ancient,Yes,N/A,N/A,rain,Norway,13,5,18,58.3%,-5,60.3,0,0.74,13,9,4,0.91,11,3,https://www.hltv.org/matches/2382606/the-mongolz-vs-faze-blasttv-austin-major-2025,201525
FaZe,Ancient,Yes,N/A,N/A,karrigan,Denmark,7,3,16,58.3%,-9,43.3,-5,0.46,13,9,4,0.91,11,3,https://www.hltv.org/matches/2382606/the-mongolz-vs-faze-blasttv-austin-major-2025,201525
3DMAX,Inferno,No,N/A,N/A,Lucky,France,14,6,14,72.7%,0,83.5,-2,1.10,9,7,2,0.93,8,0,https://www.hltv.org/matches/2382605/3dmax-vs-pain-blasttv-austin-major-2025,201497
3DMAX,Inferno,No,N/A,N/A,Maka,France,13,6,13,72.7%,0,67.4,+1,1.03,9,7,2,0.93,8,0,https://www.hltv.org/matches/2382605/3dmax-vs-pain-blasttv-austin-major-2025,201497
3DMAX,Inferno,No,N/A,N/A,bodyy,France,11,4,13,68.2%,-2,55.0,-2,0.93,9,7,2,0.93,8,0,https://www.hltv.org/matches/2382605/3dmax-vs-pain-blasttv-austin-major-2025,201497
3DMAX,Inferno,No,N/A,N/A,Ex3rcice,France,11,4,14,68.2%,-3,53.9,-1,0.83,9,7,2,0.93,8,0,https://www.hltv.org/matches/2382605/3dmax-vs-pain-blasttv-austin-major-2025,201497
3DMAX,Inferno,No,N/A,N/A,Graviti,France,11,5,14,68.2%,-3,50.5,-2,0.76,9,7,2,0.93,8,0,https://www.hltv.org/matches/2382605/3dmax-vs-pain-blasttv-austin-major-2025,201497
paiN,Inferno,Yes,N/A,N/A,dgt,Uruguay,18,6,13,68.2%,+5,88.0,-2,1.19,13,8,5,1.03,14,2,https://www.hltv.org/matches/2382605/3dmax-vs-pain-blasttv-austin-major-2025,201497
paiN,Inferno,Yes,N/A,N/A,snow,Brazil,14,5,14,81.8%,0,88.0,+3,1.18,13,8,5,1.03,14,2,https://www.hltv.org/matches/2382605/3dmax-vs-pain-blasttv-austin-major-2025,201497
paiN,Inferno,Yes,N/A,N/A,biguzera,Brazil,15,5,14,72.7%,+1,84.9,+2,1.08,13,8,5,1.03,14,2,https://www.hltv.org/matches/2382605/3dmax-vs-pain-blasttv-austin-major-2025,201497
paiN,Inferno,Yes,N/A,N/A,nqz,Brazil,12,0,8,77.3%,+4,51.0,+3,1.01,13,8,5,1.03,14,2,https://www.hltv.org/matches/2382605/3dmax-vs-pain-blasttv-austin-major-2025,201497
paiN,Inferno,Yes,N/A,N/A,dav1deuS,Chile,8,3,12,59.1%,-4,44.2,0,0.67,13,8,5,1.03,14,2,https://www.hltv.org/matches/2382605/3dmax-vs-pain-blasttv-austin-major-2025,201497
Legacy,Dust2,No,N/A,N/A,latto,Brazil,10,3,11,80.0%,-1,65.6,-2,0.84,2,2,0,0.61,4,0,https://www.hltv.org/matches/2382604/legacy-vs-lynn-vision-blasttv-austin-major-2025,201495
Legacy,Dust2,No,N/A,N/A,dumau,Brazil,8,3,12,66.7%,-4,95.7,-2,0.81,2,2,0,0.61,4,0,https://www.hltv.org/matches/2382604/legacy-vs-lynn-vision-blasttv-austin-major-2025,201495
Legacy,Dust2,No,N/A,N/A,n1ssim,Brazil,6,1,12,53.3%,-6,46.7,+1,0.50,2,2,0,0.61,4,0,https://www.hltv.org/matches/2382604/legacy-vs-lynn-vision-blasttv-austin-major-2025,201495
Legacy,Dust2,No,N/A,N/A,lux,Brazil,5,5,12,60.0%,-7,58.8,-2,0.48,2,2,0,0.61,4,0,https://www.hltv.org/matches/2382604/legacy-vs-lynn-vision-blasttv-austin-major-2025,201495
Legacy,Dust2,No,N/A,N/A,saadzin,Brazil,6,3,11,46.7%,-5,43.8,-2,0.44,2,2,0,0.61,4,0,https://www.hltv.org/matches/2382604/legacy-vs-lynn-vision-blasttv-austin-major-2025,201495
Lynn Vision,Dust2,Yes,N/A,N/A,z4kr,China,20,5,3,93.3%,+17,125.0,+3,2.40,13,3,10,1.49,11,1,https://www.hltv.org/matches/2382604/legacy-vs-lynn-vision-blasttv-austin-major-2025,201495
Lynn Vision,Dust2,Yes,N/A,N/A,Westmelon,China,12,5,8,86.7%,+4,95.6,+3,1.64,13,3,10,1.49,11,1,https://www.hltv.org/matches/2382604/legacy-vs-lynn-vision-blasttv-austin-major-2025,201495
Lynn Vision,Dust2,Yes,N/A,N/A,EmiliaQAQ,China,13,1,6,66.7%,+7,55.5,0,1.25,13,3,10,1.49,11,1,https://www.hltv.org/matches/2382604/legacy-vs-lynn-vision-blasttv-austin-major-2025,201495
Lynn Vision,Dust2,Yes,N/A,N/A,C4LLM3SU3,China,9,4,11,86.7%,-2,63.4,+1,1.18,13,3,10,1.49,11,1,https://www.hltv.org/matches/2382604/legacy-vs-lynn-vision-blasttv-austin-major-2025,201495
Lynn Vision,Dust2,Yes,N/A,N/A,Starry,China,4,9,7,86.7%,-3,59.7,0,0.99,13,3,10,1.49,11,1,https://www.hltv.org/matches/2382604/legacy-vs-lynn-vision-blasttv-austin-major-2025,201495
MOUZ,Dust2,Yes,N/A,N/A,Spinx,Israel,21,1,11,81.0%,+10,89.7,+1,1.40,13,9,4,1.18,10,1,https://www.hltv.org/matches/2382602/mouz-vs-liquid-blasttv-austin-major-2025,201394
MOUZ,Dust2,Yes,N/A,N/A,Jimpphat,Finland,16,9,9,81.0%,+7,80.8,-1,1.30,13,9,4,1.18,10,1,https://www.hltv.org/matches/2382602/mouz-vs-liquid-blasttv-austin-major-2025,201394
MOUZ,Dust2,Yes,N/A,N/A,xertioN,Israel,15,7,12,76.2%,+3,82.4,-2,1.27,13,9,4,1.18,10,1,https://www.hltv.org/matches/2382602/mouz-vs-liquid-blasttv-austin-major-2025,201394
MOUZ,Dust2,Yes,N/A,N/A,torzsi,Hungary,14,4,10,81.0%,+4,65.1,0,1.12,13,9,4,1.18,10,1,https://www.hltv.org/matches/2382602/mouz-vs-liquid-blasttv-austin-major-2025,201394
MOUZ,Dust2,Yes,N/A,N/A,Brollan,Sweden,9,7,15,61.9%,-6,66.2,+1,0.81,13,9,4,1.18,10,1,https://www.hltv.org/matches/2382602/mouz-vs-liquid-blasttv-austin-major-2025,201394
Liquid,Dust2,No,N/A,N/A,Twistzz,Canada,15,8,16,81.0%,-1,94.8,+1,1.15,8,5,3,0.84,11,0,https://www.hltv.org/matches/2382602/mouz-vs-liquid-blasttv-austin-major-2025,201394
Liquid,Dust2,No,N/A,N/A,NertZ,Israel,14,2,16,71.4%,-2,66.8,+4,1.00,8,5,3,0.84,11,0,https://www.hltv.org/matches/2382602/mouz-vs-liquid-blasttv-austin-major-2025,201394
Liquid,Dust2,No,N/A,N/A,siuhy,Poland,14,1,16,52.4%,-2,68.3,0,0.88,8,5,3,0.84,11,0,https://www.hltv.org/matches/2382602/mouz-vs-liquid-blasttv-austin-major-2025,201394
Liquid,Dust2,No,N/A,N/A,ultimate,Poland,10,7,11,76.2%,-1,52.9,-3,0.83,8,5,3,0.84,11,0,https://www.hltv.org/matches/2382602/mouz-vs-liquid-blasttv-austin-major-2025,201394
Liquid,Dust2,No,N/A,N/A,NAF,Canada,4,1,16,42.9%,-12,22.0,-1,0.32,8,5,3,0.84,11,0,https://www.hltv.org/matches/2382602/mouz-vs-liquid-blasttv-austin-major-2025,201394
paiN,Ancient,No,N/A,N/A,nqz,Brazil,12,7,11,76.2%,+1,72.0,+1,1.02,8,4,4,0.93,11,0,https://www.hltv.org/matches/2382603/pain-vs-nemiga-blasttv-austin-major-2025,201395
paiN,Ancient,No,N/A,N/A,dav1deuS,Chile,13,4,16,66.7%,-3,65.3,+2,0.94,8,4,4,0.93,11,0,https://www.hltv.org/matches/2382603/pain-vs-nemiga-blasttv-austin-major-2025,201395
paiN,Ancient,No,N/A,N/A,dgt,Uruguay,13,5,17,61.9%,-4,75.7,-2,0.93,8,4,4,0.93,11,0,https://www.hltv.org/matches/2382603/pain-vs-nemiga-blasttv-austin-major-2025,201395
paiN,Ancient,No,N/A,N/A,biguzera,Brazil,13,6,17,71.4%,-4,77.9,-1,0.90,8,4,4,0.93,11,0,https://www.hltv.org/matches/2382603/pain-vs-nemiga-blasttv-austin-major-2025,201395
paiN,Ancient,No,N/A,N/A,snow,Brazil,13,5,17,71.4%,-4,66.2,+1,0.88,8,4,4,0.93,11,0,https://www.hltv.org/matches/2382603/pain-vs-nemiga-blasttv-austin-major-2025,201395
Nemiga,Ancient,Yes,N/A,N/A,zweih,Russia,24,6,15,85.7%,+9,116.1,0,1.72,13,5,8,1.23,10,1,https://www.hltv.org/matches/2382603/pain-vs-nemiga-blasttv-austin-major-2025,201395
Nemiga,Ancient,Yes,N/A,N/A,Xant3r,Russia,15,6,12,76.2%,+3,86.6,+1,1.23,13,5,8,1.23,10,1,https://www.hltv.org/matches/2382603/pain-vs-nemiga-blasttv-austin-major-2025,201395
Nemiga,Ancient,Yes,N/A,N/A,1eeR,Belarus,13,4,13,76.2%,0,58.6,-3,1.16,13,5,8,1.23,10,1,https://www.hltv.org/matches/2382603/pain-vs-nemiga-blasttv-austin-major-2025,201395
Nemiga,Ancient,Yes,N/A,N/A,riskyb0b,Russia,15,9,14,71.4%,+1,83.1,0,1.13,13,5,8,1.23,10,1,https://www.hltv.org/matches/2382603/pain-vs-nemiga-blasttv-austin-major-2025,201395
Nemiga,Ancient,Yes,N/A,N/A,khaN,Kazakhstan,11,8,10,85.7%,+1,48.1,+1,0.90,13,5,8,1.23,10,1,https://www.hltv.org/matches/2382603/pain-vs-nemiga-blasttv-austin-major-2025,201395
Spirit,Anubis,Yes,N/A,N/A,donk,Russia,24,5,17,83.3%,+7,89.1,+3,1.34,13,7,6,1.07,15,2,https://www.hltv.org/matches/2382600/spirit-vs-natus-vincere-blasttv-austin-major-2025,201382
Spirit,Anubis,Yes,N/A,N/A,zont1x,Ukraine,17,6,13,79.2%,+4,81.2,+1,1.17,13,7,6,1.07,15,2,https://www.hltv.org/matches/2382600/spirit-vs-natus-vincere-blasttv-austin-major-2025,201382
Spirit,Anubis,Yes,N/A,N/A,magixx,Russia,17,5,16,87.5%,+1,82.5,+2,1.08,13,7,6,1.07,15,2,https://www.hltv.org/matches/2382600/spirit-vs-natus-vincere-blasttv-austin-major-2025,201382
Spirit,Anubis,Yes,N/A,N/A,chopper,Russia,13,6,18,70.8%,-5,62.9,0,0.90,13,7,6,1.07,15,2,https://www.hltv.org/matches/2382600/spirit-vs-natus-vincere-blasttv-austin-major-2025,201382
Spirit,Anubis,Yes,N/A,N/A,sh1ro,Russia,10,6,11,75.0%,-1,49.2,+1,0.85,13,7,6,1.07,15,2,https://www.hltv.org/matches/2382600/spirit-vs-natus-vincere-blasttv-austin-major-2025,201382
Natus Vincere,Anubis,No,N/A,N/A,iM,Romania,22,9,14,91.7%,+8,96.9,+1,1.51,11,6,5,0.98,8,2,https://www.hltv.org/matches/2382600/spirit-vs-natus-vincere-blasttv-austin-major-2025,201382
Natus Vincere,Anubis,No,N/A,N/A,w0nderful,Ukraine,13,4,14,79.2%,-1,64.0,0,0.95,11,6,5,0.98,8,2,https://www.hltv.org/matches/2382600/spirit-vs-natus-vincere-blasttv-austin-major-2025,201382
Natus Vincere,Anubis,No,N/A,N/A,b1t,Ukraine,17,4,18,75.0%,-1,69.9,-2,0.93,11,6,5,0.98,8,2,https://www.hltv.org/matches/2382600/spirit-vs-natus-vincere-blasttv-austin-major-2025,201382
Natus Vincere,Anubis,No,N/A,N/A,jL,Lithuania,13,8,18,83.3%,-5,54.2,-1,0.84,11,6,5,0.98,8,2,https://www.hltv.org/matches/2382600/spirit-vs-natus-vincere-blasttv-austin-major-2025,201382
Natus Vincere,Anubis,No,N/A,N/A,Aleksib,Finland,10,5,18,70.8%,-8,55.1,-5,0.68,11,6,5,0.98,8,2,https://www.hltv.org/matches/2382600/spirit-vs-natus-vincere-blasttv-austin-major-2025,201382
FURIA,Mirage,Yes,N/A,N/A,yuurih,Brazil,20,8,5,87.5%,+15,139.0,+2,2.22,13,9,4,1.52,13,0,https://www.hltv.org/matches/2382601/furia-vs-virtuspro-blasttv-austin-major-2025,201381
FURIA,Mirage,Yes,N/A,N/A,KSCERATO,Brazil,14,4,6,87.5%,+8,91.3,+3,1.56,13,9,4,1.52,13,0,https://www.hltv.org/matches/2382601/furia-vs-virtuspro-blasttv-austin-major-2025,201381
FURIA,Mirage,Yes,N/A,N/A,YEKINDAR,Latvia,13,1,8,81.2%,+5,85.0,+2,1.44,13,9,4,1.52,13,0,https://www.hltv.org/matches/2382601/furia-vs-virtuspro-blasttv-austin-major-2025,201381
FURIA,Mirage,Yes,N/A,N/A,FalleN,Brazil,8,2,5,93.8%,+3,46.1,+2,1.21,13,9,4,1.52,13,0,https://www.hltv.org/matches/2382601/furia-vs-virtuspro-blasttv-austin-major-2025,201381
FURIA,Mirage,Yes,N/A,N/A,molodoy,Kazakhstan,9,4,6,75.0%,+3,61.3,+1,1.17,13,9,4,1.52,13,0,https://www.hltv.org/matches/2382601/furia-vs-virtuspro-blasttv-austin-major-2025,201381
Virtus.pro,Mirage,No,N/A,N/A,ICY,Kazakhstan,11,0,11,62.5%,0,60.8,0,0.86,3,0,3,0.50,3,0,https://www.hltv.org/matches/2382601/furia-vs-virtuspro-blasttv-austin-major-2025,201381
Virtus.pro,Mirage,No,N/A,N/A,electroNic,Russia,5,3,14,37.5%,-9,47.8,-3,0.54,3,0,3,0.50,3,0,https://www.hltv.org/matches/2382601/furia-vs-virtuspro-blasttv-austin-major-2025,201381
Virtus.pro,Mirage,No,N/A,N/A,FL1T,Russia,5,2,12,50.0%,-7,44.1,-2,0.40,3,0,3,0.50,3,0,https://www.hltv.org/matches/2382601/furia-vs-virtuspro-blasttv-austin-major-2025,201381
Virtus.pro,Mirage,No,N/A,N/A,fame,Russia,4,2,13,31.2%,-9,37.6,-2,0.38,3,0,3,0.50,3,0,https://www.hltv.org/matches/2382601/furia-vs-virtuspro-blasttv-austin-major-2025,201381
Virtus.pro,Mirage,No,N/A,N/A,FL4MUS,Russia,5,2,14,50.0%,-9,23.2,-3,0.32,3,0,3,0.50,3,0,https://www.hltv.org/matches/2382601/furia-vs-virtuspro-blasttv-austin-major-2025,201381
The MongolZ,Nuke,Yes,N/A,N/A,Senzu,Mongolia,20,5,12,75.0%,+8,106.3,+2,1.57,13,5,8,1.23,8,2,https://www.hltv.org/matches/2382599/the-mongolz-vs-lynn-vision-blasttv-austin-major-2025,201378
The MongolZ,Nuke,Yes,N/A,N/A,910,Mongolia,19,1,11,80.0%,+8,66.2,-2,1.36,13,5,8,1.23,8,2,https://www.hltv.org/matches/2382599/the-mongolz-vs-lynn-vision-blasttv-austin-major-2025,201378
The MongolZ,Nuke,Yes,N/A,N/A,bLitz,Mongolia,11,3,12,65.0%,-1,70.2,+2,1.13,13,5,8,1.23,8,2,https://www.hltv.org/matches/2382599/the-mongolz-vs-lynn-vision-blasttv-austin-major-2025,201378
The MongolZ,Nuke,Yes,N/A,N/A,Techno,Mongolia,13,4,12,65.0%,+1,75.5,-3,1.07,13,5,8,1.23,8,2,https://www.hltv.org/matches/2382599/the-mongolz-vs-lynn-vision-blasttv-austin-major-2025,201378
The MongolZ,Nuke,Yes,N/A,N/A,mzinho,Mongolia,10,4,11,90.0%,-1,51.3,-3,1.03,13,5,8,1.23,8,2,https://www.hltv.org/matches/2382599/the-mongolz-vs-lynn-vision-blasttv-austin-major-2025,201378
Lynn Vision,Nuke,No,N/A,N/A,z4kr,China,16,6,15,65.0%,+1,94.3,+5,1.30,7,0,7,0.88,12,1,https://www.hltv.org/matches/2382599/the-mongolz-vs-lynn-vision-blasttv-austin-major-2025,201378
Lynn Vision,Nuke,No,N/A,N/A,C4LLM3SU3,China,13,2,15,75.0%,-2,66.0,+1,0.87,7,0,7,0.88,12,1,https://www.hltv.org/matches/2382599/the-mongolz-vs-lynn-vision-blasttv-austin-major-2025,201378
Lynn Vision,Nuke,No,N/A,N/A,Westmelon,China,10,4,14,60.0%,-4,66.5,-2,0.78,7,0,7,0.88,12,1,https://www.hltv.org/matches/2382599/the-mongolz-vs-lynn-vision-blasttv-austin-major-2025,201378
Lynn Vision,Nuke,No,N/A,N/A,Starry,China,9,3,13,55.0%,-4,47.9,-2,0.74,7,0,7,0.88,12,1,https://www.hltv.org/matches/2382599/the-mongolz-vs-lynn-vision-blasttv-austin-major-2025,201378
Lynn Vision,Nuke,No,N/A,N/A,EmiliaQAQ,China,10,1,16,55.0%,-6,62.1,+2,0.74,7,0,7,0.88,12,1,https://www.hltv.org/matches/2382599/the-mongolz-vs-lynn-vision-blasttv-austin-major-2025,201378
Aurora,Inferno,No,N/A,N/A,jottAAA,Turkey,19,1,10,76.5%,+9,102.2,+1,1.46,4,4,0,0.81,9,0,https://www.hltv.org/matches/2382598/aurora-vs-g2-blasttv-austin-major-2025,201377
Aurora,Inferno,No,N/A,N/A,XANTARES,Turkey,9,2,11,76.5%,-2,64.9,+2,0.83,4,4,0,0.81,9,0,https://www.hltv.org/matches/2382598/aurora-vs-g2-blasttv-austin-major-2025,201377
Aurora,Inferno,No,N/A,N/A,woxic,Turkey,8,2,13,70.6%,-5,52.8,+1,0.66,4,4,0,0.81,9,0,https://www.hltv.org/matches/2382598/aurora-vs-g2-blasttv-austin-major-2025,201377
Aurora,Inferno,No,N/A,N/A,Wicadia,Turkey,8,4,14,64.7%,-6,59.4,-1,0.58,4,4,0,0.81,9,0,https://www.hltv.org/matches/2382598/aurora-vs-g2-blasttv-austin-major-2025,201377
Aurora,Inferno,No,N/A,N/A,MAJ3R,Turkey,4,4,13,58.8%,-9,46.6,-2,0.52,4,4,0,0.81,9,0,https://www.hltv.org/matches/2382598/aurora-vs-g2-blasttv-austin-major-2025,201377
G2,Inferno,Yes,N/A,N/A,huNter-,Bosnia and Herzegovina,18,11,9,94.1%,+9,112.9,0,1.83,13,5,8,1.28,8,4,https://www.hltv.org/matches/2382598/aurora-vs-g2-blasttv-austin-major-2025,201377
G2,Inferno,Yes,N/A,N/A,malbsMd,Guatemala,10,3,10,82.4%,0,75.8,-1,1.24,13,5,8,1.28,8,4,https://www.hltv.org/matches/2382598/aurora-vs-g2-blasttv-austin-major-2025,201377
G2,Inferno,Yes,N/A,N/A,HeavyGod,Israel,12,3,11,64.7%,+1,71.7,-1,1.21,13,5,8,1.28,8,4,https://www.hltv.org/matches/2382598/aurora-vs-g2-blasttv-austin-major-2025,201377
G2,Inferno,Yes,N/A,N/A,hades,Poland,12,3,8,76.5%,+4,51.5,0,1.16,13,5,8,1.28,8,4,https://www.hltv.org/matches/2382598/aurora-vs-g2-blasttv-austin-major-2025,201377
G2,Inferno,Yes,N/A,N/A,Snax,Poland,8,6,10,64.7%,-2,59.9,+1,0.95,13,5,8,1.28,8,4,https://www.hltv.org/matches/2382598/aurora-vs-g2-blasttv-austin-major-2025,201377
Legacy,Anubis,No,N/A,N/A,n1ssim,Brazil,12,7,14,57.1%,-2,60.9,-1,0.92,8,6,2,0.84,8,2,https://www.hltv.org/matches/2382597/legacy-vs-faze-blasttv-austin-major-2025,201374
Legacy,Anubis,No,N/A,N/A,dumau,Brazil,13,1,15,71.4%,-2,63.0,-2,0.86,8,6,2,0.84,8,2,https://www.hltv.org/matches/2382597/legacy-vs-faze-blasttv-austin-major-2025,201374
Legacy,Anubis,No,N/A,N/A,saadzin,Brazil,12,4,17,61.9%,-5,66.4,+2,0.84,8,6,2,0.84,8,2,https://www.hltv.org/matches/2382597/legacy-vs-faze-blasttv-austin-major-2025,201374
Legacy,Anubis,No,N/A,N/A,lux,Brazil,13,3,18,52.4%,-5,75.1,-2,0.81,8,6,2,0.84,8,2,https://www.hltv.org/matches/2382597/legacy-vs-faze-blasttv-austin-major-2025,201374
Legacy,Anubis,No,N/A,N/A,latto,Brazil,10,3,15,81.0%,-5,64.3,-2,0.78,8,6,2,0.84,8,2,https://www.hltv.org/matches/2382597/legacy-vs-faze-blasttv-austin-major-2025,201374
FaZe,Anubis,Yes,N/A,N/A,s1mple,Ukraine,19,3,9,81.0%,+10,90.8,+5,1.55,13,7,6,1.25,13,0,https://www.hltv.org/matches/2382597/legacy-vs-faze-blasttv-austin-major-2025,201374
FaZe,Anubis,Yes,N/A,N/A,EliGE,United States,18,9,13,76.2%,+5,100.1,-2,1.36,13,7,6,1.25,13,0,https://www.hltv.org/matches/2382597/legacy-vs-faze-blasttv-austin-major-2025,201374
FaZe,Anubis,Yes,N/A,N/A,rain,Norway,14,5,13,71.4%,+1,74.1,+2,1.14,13,7,6,1.25,13,0,https://www.hltv.org/matches/2382597/legacy-vs-faze-blasttv-austin-major-2025,201374
FaZe,Anubis,Yes,N/A,N/A,karrigan,Denmark,14,2,13,81.0%,+1,69.5,+1,1.12,13,7,6,1.25,13,0,https://www.hltv.org/matches/2382597/legacy-vs-faze-blasttv-austin-major-2025,201374
FaZe,Anubis,Yes,N/A,N/A,frozen,Slovakia,14,8,12,85.7%,+2,74.0,-1,1.07,13,7,6,1.25,13,0,https://www.hltv.org/matches/2382597/legacy-vs-faze-blasttv-austin-major-2025,201374
3DMAX,Nuke,No,N/A,N/A,bodyy,France,9,4,14,66.7%,-5,63.1,0,0.81,2,2,0,0.60,4,0,https://www.hltv.org/matches/2382596/3dmax-vs-vitality-blasttv-austin-major-2025,201373
3DMAX,Nuke,No,N/A,N/A,Ex3rcice,France,6,4,11,60.0%,-5,55.3,+2,0.68,2,2,0,0.60,4,0,https://www.hltv.org/matches/2382596/3dmax-vs-vitality-blasttv-austin-major-2025,201373
3DMAX,Nuke,No,N/A,N/A,Maka,France,7,3,12,60.0%,-5,56.7,-2,0.62,2,2,0,0.60,4,0,https://www.hltv.org/matches/2382596/3dmax-vs-vitality-blasttv-austin-major-2025,201373
3DMAX,Nuke,No,N/A,N/A,Graviti,France,5,4,13,53.3%,-8,38.3,-5,0.56,2,2,0,0.60,4,0,https://www.hltv.org/matches/2382596/3dmax-vs-vitality-blasttv-austin-major-2025,201373
3DMAX,Nuke,No,N/A,N/A,Lucky,France,3,1,12,46.7%,-9,35.1,-2,0.34,2,2,0,0.60,4,0,https://www.hltv.org/matches/2382596/3dmax-vs-vitality-blasttv-austin-major-2025,201373
Vitality,Nuke,Yes,N/A,N/A,ropz,Estonia,16,3,5,93.3%,+11,122.1,+1,1.87,13,3,10,1.48,11,2,https://www.hltv.org/matches/2382596/3dmax-vs-vitality-blasttv-austin-major-2025,201373
Vitality,Nuke,Yes,N/A,N/A,ZywOo,France,15,3,4,93.3%,+11,93.3,+1,1.71,13,3,10,1.48,11,2,https://www.hltv.org/matches/2382596/3dmax-vs-vitality-blasttv-austin-major-2025,201373
Vitality,Nuke,Yes,N/A,N/A,flameZ,Israel,10,3,8,93.3%,+2,73.2,+5,1.39,13,3,10,1.48,11,2,https://www.hltv.org/matches/2382596/3dmax-vs-vitality-blasttv-austin-major-2025,201373
Vitality,Nuke,Yes,N/A,N/A,mezii,United Kingdom,11,5,8,86.7%,+3,78.9,0,1.32,13,3,10,1.48,11,2,https://www.hltv.org/matches/2382596/3dmax-vs-vitality-blasttv-austin-major-2025,201373
Vitality,Nuke,Yes,N/A,N/A,apEX,France,10,3,6,66.7%,+4,66.1,0,1.12,13,3,10,1.48,11,2,https://www.hltv.org/matches/2382596/3dmax-vs-vitality-blasttv-austin-major-2025,201373
FaZe,Mirage,No,N/A,N/A,karrigan,Denmark,20,3,14,86.4%,+6,90.8,+3,1.41,9,6,3,0.99,12,0,https://www.hltv.org/matches/2382615/faze-vs-the-mongolz-blasttv-austin-major-2025,201905
FaZe,Mirage,No,N/A,N/A,s1mple,Ukraine,14,4,14,68.2%,0,74.4,0,1.02,9,6,3,0.99,12,0,https://www.hltv.org/matches/2382615/faze-vs-the-mongolz-blasttv-austin-major-2025,201905
FaZe,Mirage,No,N/A,N/A,rain,Norway,14,2,16,72.7%,-2,82.0,0,1.01,9,6,3,0.99,12,0,https://www.hltv.org/matches/2382615/faze-vs-the-mongolz-blasttv-austin-major-2025,201905
FaZe,Mirage,No,N/A,N/A,EliGE,United States,10,6,15,63.6%,-5,57.2,+1,0.80,9,6,3,0.99,12,0,https://www.hltv.org/matches/2382615/faze-vs-the-mongolz-blasttv-austin-major-2025,201905
FaZe,Mirage,No,N/A,N/A,frozen,Slovakia,10,2,16,50.0%,-6,71.0,-2,0.69,9,6,3,0.99,12,0,https://www.hltv.org/matches/2382615/faze-vs-the-mongolz-blasttv-austin-major-2025,201905
The MongolZ,Mirage,Yes,N/A,N/A,910,Mongolia,21,5,11,77.3%,+10,100.8,+2,1.51,13,7,6,1.06,10,0,https://www.hltv.org/matches/2382615/faze-vs-the-mongolz-blasttv-austin-major-2025,201905
The MongolZ,Mirage,Yes,N/A,N/A,bLitz,Mongolia,17,5,14,63.6%,+3,85.6,0,1.21,13,7,6,1.06,10,0,https://www.hltv.org/matches/2382615/faze-vs-the-mongolz-blasttv-austin-major-2025,201905
The MongolZ,Mirage,Yes,N/A,N/A,Senzu,Mongolia,13,5,13,68.2%,0,59.7,-1,1.00,13,7,6,1.06,10,0,https://www.hltv.org/matches/2382615/faze-vs-the-mongolz-blasttv-austin-major-2025,201905
The MongolZ,Mirage,Yes,N/A,N/A,mzinho,Mongolia,15,3,13,59.1%,+2,61.4,-3,0.91,13,7,6,1.06,10,0,https://www.hltv.org/matches/2382615/faze-vs-the-mongolz-blasttv-austin-major-2025,201905
The MongolZ,Mirage,Yes,N/A,N/A,Techno,Mongolia,9,3,17,63.6%,-8,52.6,0,0.69,13,7,6,1.06,10,0,https://www.hltv.org/matches/2382615/faze-vs-the-mongolz-blasttv-austin-major-2025,201905
